user_id,name,email,password,email_notifs
1,Gibbie Squibb,gsquibb0@xrea.com,T4uOlB0sST,1
2,Tobit De Ferraris,tde1@photobucket.com,Ldd0MpHW0X,1
3,Kirsteni O'Nowlan,konowlan2@comcast.net,rUJ51taw,1
4,Zia Breed,zbreed3@e-recht24.de,F70OlxMIJIX,1
5,Tannie Rapin,trapin4@storify.com,haacJNf3mE,1
6,My Maywood,mmaywood5@ow.ly,DxSMuQO,1
7,Ranna McNess,rmcness6@wix.com,ZMdhgkid,1
8,Lyell Calderwood,lcalderwood7@npr.org,PAYNs0,1
9,Hendrika Hake,hhake8@tinypic.com,cpyEwQa8lf,0
10,Fayette Barnson,fbarnson9@fema.gov,I2QgIzToN6,1
11,Nesta Pullar,npullara@hhs.gov,zd6k4tEgp,0
12,Jeniece Trowel,jtrowelb@walmart.com,NX64GeFH,1
13,Tarrance Minto,tmintoc@about.me,HHsim352t,1
14,Felicdad Shee,fsheed@jigsy.com,dq1VItP7j4,0
15,Devora Pankethman,dpankethmane@prlog.org,mmapYrYLbUon,1
16,Christean Wicher,cwicherf@4shared.com,q2gibQ,1
17,Margareta Rizzini,mrizzinig@shutterfly.com,NLIK9do2H0,0
18,Val Aronson,varonsonh@g.co,Q3aAQE,0
19,Mirilla Tarzey,mtarzeyi@sourceforge.net,vzsdAq,0
20,Amelie Bloschke,abloschkej@bloglovin.com,Fhb7mR,1
21,Robbie Macilhench,rmacilhenchk@angelfire.com,JHiuxt7,0
22,Joaquin Czapla,jczaplal@nydailynews.com,qnvLDDyhX,1
23,Puff Firle,pfirlem@irs.gov,tywujiW6,0
24,Sherye Mudge,smudgen@imdb.com,WHh8H9QbiaGh,0
25,Jerrilyn O' Kelleher,joo@state.tx.us,KWv56Ozg5x,1
26,Kimberlyn Maben,kmabenp@stumbleupon.com,O1pGIwnDEF,0
27,Rosalinde Polly,rpollyq@barnesandnoble.com,tEA9Hds,0
28,Yevette Trenholm,ytrenholmr@desdev.cn,ZjjhfFtyF,0
29,Pall Lung,plungs@whitehouse.gov,4En6VBFs,1
30,Everett Guppey,eguppeyt@naver.com,vuQO9B3kRz,0
31,Darius Walling,dwallingu@eventbrite.com,k0oWgdA9,0
32,Mildrid Cursey,mcurseyv@blog.com,NIRA2EJ,0
33,Ervin Halfpenny,ehalfpennyw@weather.com,cK0gmIPgT,1
34,Oliviero Goodings,ogoodingsx@zimbio.com,xiQQE2mC1,1
35,Emile Birtwisle,ebirtwisley@spiegel.de,X3QZjZU40,0
36,Chrotoem Coulson,ccoulsonz@dropbox.com,w4uoW2mz9h,1
37,Adaline Kynett,akynett10@plala.or.jp,CWZcXjhXtT3,0
38,Hieronymus Southcomb,hsouthcomb11@myspace.com,4nUEXgymD0,1
39,Salomi Woodall,swoodall12@scientificamerican.com,A5Z1nDvBRCBd,1
40,Alvinia Cleft,acleft13@newsvine.com,rD9nbeOrTY26,0
41,Guenna Guite,gguite14@goo.gl,RKVv9PWlj,1
42,Darda MacArthur,dmacarthur15@quantcast.com,tArgWp,0
43,Alyosha Eddoes,aeddoes16@hubpages.com,0yFM9lbq9a,0
44,Thomasin Balharry,tbalharry17@mtv.com,15jeZdKTjcql,1
45,Lucienne Morfield,lmorfield18@sitemeter.com,HvIWMH,0
46,Appolonia Atcheson,aatcheson19@godaddy.com,vyiMv0k,0
47,Zelda Gatland,zgatland1a@behance.net,n5J66tIn,0
48,Gill Guyan,gguyan1b@bloglovin.com,RppQnKrdWP,0
49,Jill Durbann,jdurbann1c@gizmodo.com,H8KmYk,0
50,Martynne Cloutt,mcloutt1d@stanford.edu,Fuun6ClKD,0
51,Kellina Hansley,khansley1e@nydailynews.com,YHBGDpjoY,0
52,Odele Feild,ofeild1f@imageshack.us,UdxCHq65f,1
53,Moore Highton,mhighton1g@wired.com,uPBls0,0
54,Yovonnda Simonson,ysimonson1h@globo.com,4UNlxlr,0
55,Valma Laval,vlaval1i@reddit.com,Snj8x3CR,1
56,Denys While,dwhile1j@blogs.com,CKOupel8,1
57,Ashby Robens,arobens1k@instagram.com,giAy8VW,1
58,Fitz Danford,fdanford1l@pagesperso-orange.fr,pp9jVen,0
59,Shaylynn Rout,srout1m@psu.edu,xLkzxc,1
60,Ted Coase,tcoase1n@europa.eu,aWq4m48oFU,0
61,Shermy Savins,ssavins1o@wisc.edu,DotSPkeNNrxu,0
62,Michele Mingardi,mmingardi1p@usa.gov,X1fEtu,0
63,Riane Ridger,rridger1q@tinyurl.com,HOOOhUB1QS,0
64,Amalle Pardoe,apardoe1r@dyndns.org,zBjX1GHPH,0
65,Quinlan Enns,qenns1s@nhs.uk,lvuVWzxK,0
66,Billye Geraud,bgeraud1t@yahoo.com,oN9WAUAo,0
67,Romonda Wyleman,rwyleman1u@spotify.com,kyZWvm,0
68,Elbertina Delgadillo,edelgadillo1v@friendfeed.com,hC62VNCsA9f,1
69,Brynn Barlee,bbarlee1w@msn.com,zFJpY1j1Gq,0
70,Ruthie Greatex,rgreatex1x@slate.com,3UWhXoH,1
71,Douglas Taffley,dtaffley1y@oakley.com,nPLP7ZxBRR,0
72,Asia Maccrea,amaccrea1z@goo.gl,hfuIqCGFjKA,0
73,Ethelind O' Scallan,eo20@nifty.com,JSbzJpx5C,1
74,Darcie Grishinov,dgrishinov21@apple.com,s1izExBYP6b,0
75,Loren Doorly,ldoorly22@oaic.gov.au,eGvawuTa,1
76,Claudell Duckels,cduckels23@unesco.org,sGf0gB3C,1
77,Damien Bernardotti,dbernardotti24@hostgator.com,nhquBA,0
78,Sybyl Passmore,spassmore25@wordpress.org,SPArQr706,0
79,Wandis Burtwhistle,wburtwhistle26@yahoo.co.jp,pal65D8z7Za,1
80,Siouxie Dyhouse,sdyhouse27@msn.com,kSB7975PCE,1
81,Josh Wellard,jwellard28@statcounter.com,H4FKoeaIoqVO,1
82,Tessa Newlove,tnewlove29@g.co,ybWp7U,0
83,Beverie Coslitt,bcoslitt2a@wikia.com,7YrdNGaKUn,0
84,Fenelia Rosenau,frosenau2b@google.com,UD9Xkiwd2xh,1
85,Ranique Shrubsall,rshrubsall2c@google.fr,jtubSQ9fra0,1
86,Didi Longland,dlongland2d@ocn.ne.jp,gCkMd6snM26,1
87,Nessie Yerrington,nyerrington2e@cam.ac.uk,KvmJ0MKoQF,1
88,Obed Darkins,odarkins2f@delicious.com,Ugx2DQ3,0
89,Kingsley Jeff,kjeff2g@wunderground.com,Abko9o,0
90,Edgardo De Goey,ede2h@gizmodo.com,9S8VYCz4,1
91,Barnebas Dewbury,bdewbury2i@auda.org.au,7BHifW,0
92,Ryon Kase,rkase2j@wordpress.org,ywO6T2IpBCgR,1
93,Clarissa Merkle,cmerkle2k@github.com,trte7U,0
94,Ivy Blackie,iblackie2l@bbc.co.uk,4ZlK9m0,1
95,Glyn Petroselli,gpetroselli2m@cyberchimps.com,Sk69jjKZx,0
96,Ricardo Sherville,rsherville2n@4shared.com,sRAoRJ,1
97,Sheelagh Tomaszewski,stomaszewski2o@youku.com,BbudBYbK,0
98,Alick Osichev,aosichev2p@bbc.co.uk,X4zR5TTsshr,0
99,Hewe Fallens,hfallens2q@blog.com,oNPvExFusv,0
100,Jerrie Dayly,jdayly2r@symantec.com,Va5H678Oi7bx,1
